id,B11,B12,B2,B3,B4,B5,B6,B7,B8,B8A,label,elevation,MNDWI,NDBI,NDVI,BSI
1_sample,2710,2100,871,1078,1342,1510,1872,1995,2088,2235,6,0.239685059,-0.430834213,0.129637349,0.217492711,0.155897875
2_sample,2930,2588.5,1037,1514,1889,2088,2565.5,2661.5,2912,2773,6,-29.65774536,-0.318631863,0.003081137,0.213080608,0.099224453
3_sample,2871,2419.5,915.5,1138,1424,1602,1999.5,2125.5,2255,2287,6,-0.865905762,-0.432277376,0.120171674,0.225876597,0.150626214
4_sample,3111.4,2701.625,1438.066667,1830.625,2142.421053,2536.266667,2527.294118,2587.5,2392.470588,2595.047619,6,0.873291016,-0.25915996,0.130622514,0.055139032,0.156674115
5_sample,2152,1725,664,883,1148,1323,1520,1637,1774,1819,6,1.815734863,-0.418121911,0.096281202,0.214236824,0.15022656
6_sample,5733,4156,3108,3960,4724,4888,5030,4997,4980,4687,6,1.613067627,-0.182915506,0.070288435,0.026380874,0.127743327
7_sample,3660,3031.5,1079,1362,1624,1743,2080,2219,2369,2423.5,6,-0.313476563,-0.457586619,0.214131697,0.186576509,0.210261109
8_sample,2690,2055,835,1068,1312,1500,1866,2052,2248,2249,6,0.632263184,-0.43161256,0.089509923,0.262921348,0.129710656
9_sample,2778.5,2180,735.1764706,987.1904762,1318.941176,1570.4375,2089.166667,2291,2343.2,2453,6,0.309509277,-0.475692183,0.084991311,0.279688514,0.142013741
10_sample,1600,1467.5,1176,1425,1553,1501.5,1622.5,1678,1784,1682.5,6,-2.438049316,-0.05785124,-0.054373522,0.069223854,0.03157206
11_sample,1494,1433,1081.5,996,1334.5,1651,1554,1477,1493.5,1381,6,2.261755466,-0.2,0.000167364,0.056223479,0.046914037
12_sample,3134.5,2817.5,431,674,1465,1729,1823.5,1915.5,1901,1952.5,6,10.38347626,-0.646054877,0.244960778,0.1295306,0.32712977
13_sample,3456.5,2753,932.5,1189,1409,1678.5,1996.5,2172,2168,2393,6,0.121704102,-0.48810677,0.22908703,0.212188985,0.221566658
14_sample,3478,2929,1060,1314,1526,1779,2096,2239,2276,2467,6,0.06652832,-0.451585977,0.208898158,0.197264598,0.2
15_sample,2987,2208.5,741,1009.5,1228,1631.5,2207.5,2440.5,2512.5,2725,6,1.117431641,-0.494807957,0.086280571,0.343403288,0.128740711
16_sample,3872,3468,1551,1869,2240,2472,2526.5,2568,2537,2758.5,6,7.889175415,-0.348893921,0.208300827,0.062172912,0.198431373
17_sample,3471,2469,1272,1660,2186,2500,3103,3189,2786,3215,6,31.97711945,-0.352952641,0.109477385,0.120675784,0.164590839
18_sample,2064,1792,1092,1278,1358,1552,1599,1689,1571,1677,6,-2.777160645,-0.23518851,0.13562586,0.072721065,0.12473295
19_sample,2527,2174.5,1307,1618,2026,2266,2329,2389,2358,2349.5,6,3.729553223,-0.219300362,0.034595701,0.075729927,0.108055488
20_sample,6607.333333,5205.5,3592,4392,5333,5993,5995.5,6070,5998,6249,6,22.21520996,-0.201406146,0.048339327,0.058688554,0.109163815
21_sample,5288,3231,1544,2222,3050,3303,3479,3489,3382,3302,6,0.10546875,-0.408255659,0.219838524,0.051616915,0.257237636
22_sample,2963.5,2648,1000.4,1428,1908,1973.5,2141,2254,2424,2309,6,-0.075805664,-0.349652738,0.100139211,0.119113573,0.174435565
23_sample,3470,2838,916,1140,1362,1711,2028,2187,2082,2418,6,-0.517211914,-0.505422993,0.25,0.209059233,0.234227331
24_sample,2593,1894,872,1080,1238,1616,1842,1967,2141,2107,6,2.914703369,-0.411924857,0.09547951,0.267238828,0.119520748
25_sample,3418,2619,958,1243,1500.5,1726.5,2092.5,2259,2406,2456.5,6,0.082885742,-0.466638061,0.173763736,0.231793165,0.187684878
26_sample,2386,1855,861,1046,1260,1470,1823,1901,2026,2079,6,0.093383789,-0.39044289,0.081595648,0.233110164,0.116179397
27_sample,2829,2252,833,1066,1316,1547,1881,2018,2176,2214,6,-0.233825684,-0.452631579,0.13046953,0.246277205,0.158792284
28_sample,5923,4563,2564,3486,4046,4450,4491,4470,4456,4240,6,1.772247314,-0.259007333,0.141343097,0.048223947,0.173582907
29_sample,2473,1824,766,983,1198,1421,1756,1985,1980,2212,6,0.090026855,-0.431134259,0.11071188,0.246066709,0.144148356
30_sample,5363,4449,2078,2656,3416,3713,3834,3975,4068,4186,6,0.036010742,-0.337573263,0.137313116,0.087119188,0.17641541
31_sample,2253,1837,724,944,1324,1478,1693,1828,2106,2018,6,1.357299805,-0.409446356,0.033723331,0.227988338,0.116591228
32_sample,3857,2804.333333,1458.333333,1913.2,2284,2505.666667,2780,3015.2,3253,3366.625,6,0.133850098,-0.336868739,0.084950774,0.175004515,0.131738182
33_sample,2583,1894,800,1004,1262,1446,1860,1996,2142,2189,6,-0.03125,-0.440200725,0.093333333,0.258519389,0.133048475
34_sample,2020,1611,583,837,1078,1256,1652,1813,1892,1935,6,-0.388366699,-0.414070704,0.032719836,0.274074074,0.111788983
35_sample,2930,2588.5,1116,1515,1836,2088,2565.5,2661.5,2923.5,2773,6,-37.69271851,-0.318335208,0.001110447,0.228490388,0.082505252
36_sample,2942,2530,940,1160,1446,1635,2005,2130,2296,2351,6,0.627990723,-0.434422233,0.123329515,0.227151256,0.151101784
37_sample,2617,1901,814,1032,1266,1491,1860,2026,2110,2163,6,-0.393981934,-0.43436558,0.107256188,0.25,0.140884384
38_sample,2636,2211,1411,1698,2131,2428.5,2537,2617.5,2447.5,2569.5,6,6.779846191,-0.216428242,0.037080751,0.069127443,0.105327227
39_sample,2005,1914,988,1144,1168,1531,1534,1670,1613,1879,6,-0.149925709,-0.273420133,0.108347153,0.160014383,0.099064773
40_sample,4747.5,4197.5,1919,2677,3497,3463.5,3580.5,3639.5,3870,3644.5,6,-4.69909668,-0.278873998,0.101827676,0.050631193,0.174974169
41_sample,5112,3129,1534,2154,2946,3162,3297,3312,3372,3224,6,0.381835938,-0.407101569,0.205091938,0.067426401,0.243134835
42_sample,2587,2025,830,1062,1270,1465,1853,1975,2008,2132,6,0.600585938,-0.417922719,0.126006529,0.225137279,0.152203137
43_sample,3418,2750,1071,1398,1638,1815,2168,2340,2360,2509,6,-0.015991211,-0.419435216,0.183108342,0.180590295,0.191469306
44_sample,2852,2332,884,1130,1404,1634,1968,2097,2234,2272,6,0.67175293,-0.432446007,0.121510028,0.228147334,0.15432601
45_sample,3535,2760,895,1188,1498,1713,1991,2112,2218,2320,6,0.311157227,-0.496929917,0.22892404,0.193756728,0.235698502
46_sample,3078,2734,1060,1560,2242,2496,2569,2640,2658,2634,6,10.64074707,-0.327296248,0.073221757,0.084897959,0.177251604
47_sample,3350.5,2666.5,827.5,1029,1271.5,1451.5,1775.5,1930,1998,2161,6,0.246582031,-0.530083343,0.252874638,0.22220523,0.241221887
48_sample,2432.5,1800,509.5,697,956.5,1149,1372.5,1512,1615,1765.5,6,-0.444702148,-0.554561432,0.201976529,0.25607622,0.22934615
49_sample,2578,1932,555,813,962.5,1264,1524,1634,2005.5,1856.5,6,24.10621643,-0.520495429,0.124904549,0.351415094,0.160629405
50_sample,4826.25,4507.5,1444.666667,2054,2745.5,3047.333333,3268,3433.5,3544,3601,6,3.49017334,-0.402928673,0.153191362,0.126957628,0.205652679
51_sample,2089,1645,738,911,1168,1368,1655,1809,1914,2020,6,0.049072266,-0.392666667,0.043717212,0.242050616,0.102386191
52_sample,2736,2165,1108,1372,1484,1689,1899,2026,2248,2141,6,3.003204346,-0.332035054,0.097913323,0.20471597,0.114044351
53_sample,3470,2838,943,1192,1428,1711,2028,2187,2174,2418,6,-0.466308594,-0.488631489,0.22962438,0.207107163,0.222208359
54_sample,3505,2773.5,963,1206,1463,1694,1972.5,2134,2219,2349.5,6,0.625,-0.488006793,0.224668064,0.205323194,0.219141104
55_sample,2152,1623,703,875.5,1087,1246.5,1492.5,1587,1704,1731.5,6,-0.915771484,-0.421635012,0.116182573,0.221067718,0.147360963
56_sample,3989,3205.142857,2060.857143,2793.2,3275.5,3342,3448.4,3493,3854.6,3384.666667,6,2.133056641,-0.17631447,0.017134989,0.081219057,0.102355633
57_sample,5567,3332,1488,2260,3220,3592,3736,3726,3506,3453,6,0.872314453,-0.422511818,0.2271575,0.042521558,0.275234018
58_sample,1555,1415,980,1274,1452,1520,1435,1484,1592,1504,6,-2.252424717,-0.099328385,-0.011757229,0.045992116,0.077970963
59_sample,4217.5,3507,1354,1686,2006,2224,2424.5,2575,2646,2767,6,0.678344727,-0.428813416,0.228964814,0.137575236,0.217489118
60_sample,3482,2893,1046,1318,1563,1768,2080.5,2248,2287,2428.5,6,0.102905273,-0.450833333,0.207141619,0.188051948,0.204344712
61_sample,2412.5,1824.5,805,1012,1264,1457.5,1865,2057,2212,2271,6,0.029296875,-0.408964812,0.043356038,0.272727273,0.098528423
62_sample,1674,1576,1078,1172,1202,1290,1312,1354,1290,1317,6,2.952453613,-0.176387913,0.129554656,0.035313002,0.096872616
63_sample,2380.5,2082.5,1052,1413,1903,2029,2086,2123,2114,2055,6,0.740570068,-0.255041518,0.059294694,0.052526761,0.150010068
64_sample,1997.5,1363.5,684.5,1010,1431,1655.5,2396,2622.5,2766,2825,6,-2.258850098,-0.328345802,-0.161330954,0.318084346,-0.003198139
65_sample,3138,3155,2220,2508,2670,2792,2689,2890,2798,2820,6,-2.5753479,-0.111583422,0.057277628,0.023408925,0.072972474
66_sample,2836,2595,1224,1754,2330,2584,2722,2771,2710,2714,6,7.730834961,-0.235729847,0.022719077,0.075396825,0.135384615
67_sample,4988,2926,1484,2054,2830,2992,3134,3170,3174,3051,6,-0.022705078,-0.416642999,0.222249449,0.057295137,0.25328631
68_sample,5106,3149,1462,2072,2844,3062,3202,3259,3240,3135,6,0.231689453,-0.422680412,0.223580158,0.065088757,0.256718305
69_sample,2790.5,2496,414.5,680,1466,1579.5,1626.5,1686.5,1815,1772,6,10.38347626,-0.60812563,0.211811964,0.106370009,0.312519272
70_sample,5012,3146,1462,2188,2964,3238,3339,3337,3348,3163,6,0.527099609,-0.392222222,0.199043062,0.060836502,0.247614578
71_sample,4233,4534,1253,1314,1405,1578.5,1628.5,1951,2099,2801.5,5,-4.044921875,-0.526230395,0.33701832,0.198059361,0.254282536
72_sample,2924,3376,1194,1402,1542,1608,1581,1567,1546,1652,5,-0.822631836,-0.351826167,0.308277405,0.001295337,0.23952262
73_sample,1579,1715,491,598,702,799,824,879,875,897,5,0.583129883,-0.450620119,0.286878566,0.109701966,0.250891143
74_sample,2401,2888,632,755,919,1305,1305,1337,1040,1426,5,2.573364258,-0.521546261,0.395524557,0.061766207,0.330128205
75_sample,1066.5,1062,383,468.5,560.5,809,796.5,818,553,805,5,-0.412597656,-0.389576547,0.317073171,-0.006735519,0.26960593
76_sample,1213,1252,513,449,511,673,663,714,595,883,5,-1.947387695,-0.459687124,0.341814159,0.075949367,0.217514124
77_sample,608,611,246,309,282,478,491,513,297,511,5,6.920288086,-0.32606325,0.343646409,0.025906736,0.242149337
78_sample,2055,1827,960,985,1048,1641,1749,1726,1098,1918,5,-1.972232819,-0.351973684,0.303520457,0.023299161,0.202480139
79_sample,1815,1890,543,653,781,1005,1078,1112,927,1136,5,1.098266602,-0.47082658,0.323851204,0.085480094,0.276930644
80_sample,2274.5,2571,1038.5,1034,826.5,903,939.5,1021.5,1170,1341.5,5,-9.773193359,-0.374943328,0.320656118,0.172051089,0.168094924
81_sample,736,741.5,281,344.5,398.5,511,478.5,504.5,386.5,498.5,5,-0.546142578,-0.362332254,0.311358575,-0.015286624,0.259156493
82_sample,2345.5,2189,783.6666667,1009.6,1156,1620.166667,1641.2,1892.75,1270,1958.666667,5,5.79284668,-0.39816995,0.29746923,0.046990932,0.260628244
83_sample,2267,2618,756,804,830,926,923,1044,1246,1446,5,1.018554688,-0.476392055,0.290634785,0.200385356,0.21474799
84_sample,2406,2449,827,950,998,1299,1389,1564,1180,1672,5,-3.310791016,-0.433849821,0.341885109,0.083562902,0.258177786
85_sample,913,876,414,349.5,403,828,827,800,490,856,5,11.10949707,-0.446336634,0.301496793,0.097424412,0.185585586
86_sample,1592,1243,535,585,666,984,946,1074,800,1084,5,1.694824219,-0.46256316,0.331103679,0.091405184,0.256888394
87_sample,3237,3535,1082,1308,1464,1560,1666,1599,1598,1656,5,3.446289063,-0.424422442,0.338986556,0.043762247,0.273811137
88_sample,3976,4348,1492,1832,1882,2400,2561,2627,2228,2730,5,-1.275287628,-0.369146006,0.281753707,0.084184915,0.223219879
89_sample,2764,2932,1142,1044,1106,1290,1368,1695,1478,2025,5,4.1328125,-0.451680672,0.303158887,0.143962848,0.192604006
90_sample,2715.5,2969.5,1188,1210,1189,1419,1437.5,1500.5,1467.5,1874.5,5,-1.131652832,-0.383518023,0.298350466,0.104837192,0.190396341
91_sample,1832,1819,812,852,874,1638,1616,1449,893,1508,5,0.71616745,-0.365126677,0.344587156,0.010752688,0.226932668
92_sample,719,694,262,300,330,479,543,518,382,547,5,-37.10995483,-0.411187439,0.306085377,0.073033708,0.239220319
93_sample,1538,1820,744,775,781,1006,1108,1095,836,1114,5,0.932617188,-0.329874622,0.295703454,0.034013605,0.189535778
94_sample,2318,2639,747,872,1070,1112,1196,1212,1198,1221,5,1.915405273,-0.453291536,0.3185438,0.05643739,0.270579411
95_sample,1070,1088,423,512,507,740,726,787,558,800,5,1.798583984,-0.352718078,0.314496314,0.047887324,0.232994527
96_sample,1246,1186,480,595,658,1060,1048,1041,684,1000,5,5.693359375,-0.353612167,0.29119171,0.019374069,0.241199478
97_sample,3298,3250,1566,1058,1056,1180,1142,1489,1828,2165,5,-1.145019531,-0.514233242,0.286773313,0.267683773,0.123902943
98_sample,941,873,357,390,456,664,657.1666667,669.25,454.375,676.8,5,12.26574707,-0.413974455,0.348741378,-0.001784979,0.265183676
99_sample,1019,1056,444,496,542,764,756,783,565,775,5,10.54589844,-0.345214521,0.286616162,0.020776874,0.214785992
100_sample,1299,1237,373,446,463,814,828,846,521,977,5,4.741088867,-0.488825215,0.427472527,0.058943089,0.326807229
101_sample,2318,2639,747,872,1070,1112,1196,1212,1198,1221,5,1.915405273,-0.453291536,0.3185438,0.05643739,0.270579411
102_sample,2347,1997,517.5,778.5,1110,1524,1677.5,1705,1306,1677,5,2.172424316,-0.501839706,0.284971257,0.081125828,0.309345706
103_sample,1272,1396,525,530,566,604,590,726,659,930,5,0.929931641,-0.411764706,0.317452097,0.075918367,0.216412971
104_sample,895,896,366,460,500,635.5,651,629.5,503,668.5,5,0.921264648,-0.32103321,0.280400572,0.002991027,0.232332155
105_sample,2924,3376,1020,1158,1324,1608,1581,1567,1418,1652,5,-0.822631836,-0.432631063,0.346844772,0.034281546,0.270714927
106_sample,1758,1727,783,821,851,1120,1129,1226,977,1374,5,-1.045043945,-0.363319116,0.285557587,0.06892779,0.194323644
107_sample,1127,926,488,518,535,791,798,777,587,820,5,-0.21295166,-0.370212766,0.315052509,0.046345811,0.214468396
108_sample,1310,1254,430,437,468,550,593,726,568,951,5,9.870422363,-0.499713795,0.395101171,0.096525097,0.280979827
109_sample,2970.5,2842,1171,1383,1510.5,2212.5,2214.5,2261.5,1565,2179.5,5,-1.307525635,-0.364649133,0.309888656,0.017720696,0.241790218
110_sample,2257,2461,473,585,678,1123,1128,1189,927,1216,5,0.583129883,-0.588318086,0.417713568,0.155140187,0.354094579
111_sample,2005,2097,691,824,944,1138,1125,1278,1102,1406,5,0.846191406,-0.417462001,0.290634052,0.077223851,0.243778996
112_sample,2956.5,3203.5,1045,1004.5,829.5,984.5,1056.5,1289,1499.5,1801,5,-5.668151855,-0.492804847,0.326974865,0.287677115,0.196114051
113_sample,2248,2055,988,949,1036,1154,1191,1370,1208,1646,5,-0.862792969,-0.406318424,0.300925926,0.076648841,0.198540146
114_sample,1579,1715,506,626,737,799,824,879,869,897,5,0.583129883,-0.432199546,0.29003268,0.082191781,0.254944459
115_sample,1926,1863,697,816,916,1585,1671,1731,1063,1667,5,-0.298633575,-0.404814004,0.288725326,0.074279939,0.235115167
116_sample,1802,1996,556,650,731,836,896,961,982,1183,5,2.854858398,-0.469820555,0.29454023,0.146526562,0.244411692
117_sample,701,718.5,250.5,247.5,225,445.5,537,583.5,346,516,5,-2.525192261,-0.478123353,0.339063992,0.211908932,0.216420361
118_sample,1143,1373,419,447,521,518,525,554,611,608,5,2.700805664,-0.437735849,0.303306727,0.0795053,0.235337788
119_sample,1540,1649,436,533,635,843,903,956,858,1008,5,0.689453125,-0.485769416,0.28440367,0.149363697,0.253963678
120_sample,3147,3235,1190,1448,1584,2078,2069,1997,1770,2103,5,-1.063354492,-0.369749728,0.28004881,0.055456172,0.230269146
121_sample,1213,1267,459,528,611,891,855,899,650,907,5,8.842773438,-0.393452039,0.302200751,0.030927835,0.243777702
122_sample,2274.5,2571,1089,1050,796,903,939.5,1021.5,1183.5,1341.5,5,-9.911010742,-0.368326064,0.315500289,0.195756504,0.149354295
123_sample,955,982,284,339,407,606,602,594,414,634,5,7.707397461,-0.476043277,0.395178963,0.008526188,0.322330097
124_sample,943,960,401,452,489,787,788,778,475,769,5,19.48693848,-0.351971326,0.330042313,-0.014522822,0.240901213
125_sample,1765,1641.75,697.5,813.6666667,856,1172.666667,1132.583333,1295.5,988,1394.75,5,-0.915283203,-0.368924509,0.282237559,0.071583514,0.217229769
126_sample,1502,1233,462,587,595,1247,1266,1433,724,1434,5,5.5,-0.438008617,0.34950584,0.097801365,0.2774901
127_sample,1946,2281,661,757,921,974,992,1046,1044,1083,5,2.573364258,-0.439881613,0.301672241,0.06259542,0.25415573
128_sample,1351.5,1221.5,692.5,774.5,699,1240,1233,1252,734.5,1230,5,12.75750732,-0.271401693,0.2957814,0.024764562,0.179295471
129_sample,1856,1603.666667,637.5,545.5,556.5,694,774,1190.8,911.6666667,1526.428571,5,4.211303711,-0.545700604,0.341201975,0.241911681,0.21792175
130_sample,1146,913,492,462,503,731,678,810,537,778,5,-0.335205078,-0.425373134,0.361853832,0.032692308,0.231516057
131_sample,2009.5,2269,872.5,833,614.5,768.5,831,879.5,923.5,1160,5,-2.68170166,-0.413896218,0.370269349,0.200910273,0.187330317
132_sample,1322,1026,488,514,563,817,803,865,616,875,5,-0.335205078,-0.440087146,0.364293086,0.04495335,0.261291402
133_sample,1564.5,1451.5,456,421.4,469.6666667,1016.222222,999,1266.5,680.2,1236,5,5.18347168,-0.575608037,0.393950194,0.183093692,0.28323748
134_sample,1425,1089,548,683,753,964,1045,1211,728,1110,5,3.385353088,-0.35199241,0.323734324,-0.016880486,0.261146497
135_sample,1381.5,1194.5,491.25,464.3846154,467.7142857,703.75,705,1105,695.3333333,1258.5,5,8.937011719,-0.49684329,0.330390819,0.195709139,0.21827244
136_sample,1797,1427.5,602,799,928,1391,1384.5,1384,973,1347.5,5,0.917358398,-0.384437596,0.297472924,0.023671752,0.26744186
137_sample,2406,2361,1314,1356,1498,2242,1987,2160,1312,1823,5,1.48507309,-0.279106858,0.294244217,-0.066192171,0.195712098
138_sample,1457,1395,682,742,777,1058,1023,1055,807,1029,5,6.771842957,-0.325147794,0.287102473,0.018939394,0.20010744
139_sample,2363,2277,939,988.5,1027.166667,1555,1506.25,1632,1299.333333,1911,5,-1.28894043,-0.410114874,0.29043415,0.116985457,0.204643037
140_sample,1502,1233,495,531,470,1247,1266,1433,645,1434,5,5.5,-0.477619282,0.399161621,0.156950673,0.267352185
141_sample,2208,1808,703,932,1032,1298,1490,1571,1648,1625,3,0.062042236,-0.406369427,0.145228216,0.229850746,0.159005545
142_sample,3732.333333,3320,1506.25,2204.4,3098,3296.8,3299.166667,3306.75,3345.333333,3148,3,0.206665039,-0.257369373,0.054679037,0.038385929,0.169385732
143_sample,1554,1559,993,1104,1264,1354,1338,1400,1360,1382,3,0.367431641,-0.169300226,0.066575154,0.036585366,0.089924579
144_sample,1765,1754.5,1129,1291,1474,1545.5,1558,1616.5,1584,1602,3,0.050292969,-0.155104712,0.054045984,0.035971223,0.088373656
145_sample,1629,1660,1076,1196,1374,1515,1466,1495,1452,1488,3,0.032714844,-0.153274336,0.05744888,0.027600849,0.085879588
146_sample,1576,1600,1030,1154,1320,1404,1382,1422,1400,1424,3,0.041381836,-0.154578755,0.059139785,0.029411765,0.087495306
147_sample,1504,1534,1094,1196,1336,1381,1363,1408,1376,1383,3,0.273803711,-0.114074074,0.044444444,0.014749263,0.069679849
148_sample,1668,1727,1107,1250,1418,1425,1406,1434,1510,1437,3,0.108154297,-0.143248801,0.049716803,0.031420765,0.082237419
149_sample,1256,1142.5,649.5,779.5,963,1079.5,1069.5,1132.5,1124,1118,3,0.000793457,-0.234094817,0.055462185,0.077144226,0.11158422
150_sample,1629,1660,1148,1270,1446,1515,1466,1495,1528,1488,3,0.258300781,-0.123835805,0.031992398,0.027572293,0.069379238
151_sample,1557,1528,930,1034,1180,1249,1240,1302,1276,1358,3,0.172851563,-0.201852567,0.09918814,0.039087948,0.107424641
152_sample,798,708,630,655,712,833,823,816,721,810,3,0.123657227,-0.098417068,0.050691244,0.00628053,0.055574974
153_sample,3446,3095,1439,2001,2822,2909,2979.25,3032.25,2994,2848.5,3,0.461791992,-0.265283642,0.070186335,0.02957359,0.171479301
154_sample,1828.5,1818,1055,1222,1482,1632.5,1628,1680.5,1688,1677,3,0.092651367,-0.198819866,0.0399545,0.064984227,0.093747419
155_sample,4207,4026,1588,2000,2334,2480,2498,2660,2908,2780,3,0.24597168,-0.355566296,0.182572031,0.109500191,0.185285857
156_sample,2685.5,2265.5,1124,1459,1702.857143,1831,1914.333333,2008.125,1973.714286,2034.666667,3,0.084106445,-0.295934371,0.152769474,0.073671122,0.172405897
157_sample,1534,1582,1040,1170,1300,1377,1351,1407,1362,1375,3,0.141967773,-0.134615385,0.059392265,0.023290759,0.08250573
158_sample,1783.5,1767.5,1162,1320,1541,1599.5,1575.5,1631.5,1648,1628.5,3,0.092651367,-0.149347511,0.039487105,0.033552838,0.083869916
159_sample,2759,1414.5,1712,2259,2663,2977.5,2995,3076,2942.5,3036.5,3,0.942817688,-0.099641291,-0.032184513,0.049861743,0.07616732
160_sample,3512.4,2729,973.3333333,1358.4,1780.5,2280.666667,2534,2677.5,2673.333333,2870.666667,3,0.600341797,-0.44222715,0.135645464,0.20046402,0.184151357
161_sample,3139,3034,2096,2339,2362,2565.5,2574.5,2593,2392,2533.5,3,0.451202393,-0.1460387,0.135056952,0.006310475,0.101411553
162_sample,883,766,769,851,944,923,981,1011,1003,966,3,0.05166626,-0.018454441,-0.063626723,0.03030303,0.015282023
163_sample,2743.25,1890.75,1504.333333,1758.5,2194,2456.1,2470.125,2550.555556,2469.714286,2602.545455,3,0.37121582,-0.218748265,0.052472202,0.059119035,0.10808778
164_sample,1541,1558,1004,1116,1258,1338,1325,1381,1382,1399,3,0.010375977,-0.159954836,0.054396168,0.046969697,0.079652845
165_sample,1489,1372,624,756,894,1091,1289,1375,1132,1407,3,0.791992188,-0.326503341,0.136207554,0.117472853,0.151485866
166_sample,1746,1625,784,913,1034,1332,1544,1659,1506,1697,3,0.152709961,-0.313275668,0.073800738,0.185826772,0.096646943
167_sample,3947,3454,1356,1782,2436,2751,2831,2957,2935,3094,3,0.015441895,-0.377901903,0.147050276,0.092906349,0.195990257
168_sample,1064,942,700,763,847,992,1066,1085,960,1070,3,0.425720215,-0.164750958,0.051383399,0.062534588,0.070288435
169_sample,1223,992.5,1205,1315,1309,1362.5,1302.5,1292.5,1193,1215.5,3,0.727416992,0.036249015,0.012417219,-0.04636291,0.027180527
170_sample,3848,3464.75,1374.133333,1757.333333,2122.666667,2651.571429,2725.454545,2848.8,2718.8,2912.714286,3,0.270629883,-0.372978116,0.171955899,0.123130732,0.186586642
171_sample,2824.333333,2537,1032.5,1408,1691,1947.5,2043.666667,2151.75,2013,2187,3,0.080688477,-0.334645979,0.167723263,0.086933045,0.19440097
172_sample,2434,1833.5,852.5,1137,1348,1608,1749,1804.5,1860,1804.5,3,0.797088623,-0.363203584,0.133674895,0.159600998,0.164677804
173_sample,3174.571429,2739.333333,1317.25,1740.666667,2062.690476,2219.785714,2312,2422.4,2423.5,2443.916667,3,0.312866211,-0.29172641,0.134166103,0.080426706,0.166686336
174_sample,1459,1454,1038,1114,1252,1297,1272,1326,1338,1315,3,0.071166992,-0.134084726,0.043260636,0.033204633,0.065854138
175_sample,1431.5,1390.5,489,591,766,969.5,996,1074.5,1021.5,1168,3,0.603393555,-0.415574784,0.167142275,0.142937063,0.185275081
176_sample,794,703,677,720,786,827,844,864,806,820,3,0.214782715,-0.048877147,-0.0075,0.012562814,0.031668299
177_sample,1617,1597,931,1064,1286,1356,1363,1412,1536,1468,3,0.313842773,-0.206266319,0.025689819,0.088589653,0.081191806
178_sample,1813.5,1754,841.5,987.5,1304,1432.5,1457.5,1579,1712,1685.5,3,0.356567383,-0.29489468,0.028790243,0.135278515,0.099453359
179_sample,2273.5,2227.5,1089,1247,1356,1496,1601.5,1681,1749,1767.5,3,0.331756592,-0.291577901,0.130391548,0.126570048,0.122381136
180_sample,2159,1383,484,698,662,1051,1465,1650,1918,1840,3,0.547576904,-0.511375569,0.059112092,0.486821705,0.080222095
181_sample,712,612,1415.5,1222,918.5,1034.5,1043.5,1029.5,893,1008,3,0.107177734,0.263702172,-0.112772586,-0.014076732,-0.172124905
182_sample,1585,1606,1066,1198,1348,1402,1371,1436,1464,1427,3,0.151611328,-0.13905857,0.039685143,0.041251778,0.073768991
183_sample,1398.5,1279.5,800,978,1168,1257.5,1308.5,1324,1331.5,1340,3,0.018920898,-0.176940879,0.024542125,0.065413083,0.092592593
184_sample,5394,3391,2258,3116,4100,4522,4656,4745,4416,4471,3,0.319061279,-0.267685076,0.09969419,0.037106623,0.174418605
185_sample,1763,1702.5,905.5,1065,1296,1453,1533,1590,1586,1660.5,3,0.001586914,-0.246817539,0.052851597,0.100624566,0.102243041
186_sample,1020,974,825,857,984,1042,1087,980,1066,1157,3,0.667568207,-0.086840703,-0.022051774,0.04,0.029011553
187_sample,2420,2131,1064,1376,1500,1667,1756,1826,1884,1865,3,0.684936523,-0.275026344,0.124535316,0.113475177,0.141525917
188_sample,3764,3626,1476,1904,2230,2206,2253,2380,2690,2459,3,0.330566406,-0.32815808,0.166408429,0.093495935,0.17992126
189_sample,3049.333333,2707.333333,1126,1485.25,1765.666667,2056,2135.5,2220.75,2087.333333,2263.75,3,0.084106445,-0.344923275,0.187280986,0.08348473,0.199501765
190_sample,1329.5,1227.5,811,992.5,1158,1226.5,1249,1273.5,1282,1277,3,0.032836914,-0.145133506,0.01818878,0.050819672,0.086125969
191_sample,3042,2949,1368,1606,1804,2057,2077,2199,2250,2366,3,0.74987793,-0.308950086,0.149659864,0.1100148,0.145085066
192_sample,3795,3278,1648,2218,2864,3048,3131,3230,3310,3315,3,0.005187988,-0.262265092,0.068261787,0.072238419,0.146423345
193_sample,2684.5,2481.5,1065,1368,1652,1768.5,1784,1867.5,1857,1858.5,3,0.140182495,-0.324861197,0.182208521,0.058421203,0.194874974
194_sample,2631,2245.5,1786,1861,1989,2148,2190.5,2246.5,2316.5,2353,3,0.494552612,-0.17141585,0.063567458,0.076065498,0.059329321
195_sample,3641,3155,1824,2326,2928,3035,3107,3200,3306,3234,3,0.23651123,-0.22037875,0.048222254,0.060635226,0.123001966
196_sample,1729.5,1697,597.5,748,954.5,1298.5,1349.5,1441.5,1264,1546.5,3,0.349853516,-0.396165489,0.155503591,0.139508677,0.18094819
197_sample,1541,1558,959,1102,1258,1338,1325,1381,1386,1399,3,0.468383789,-0.16609913,0.052955244,0.048411498,0.088258165
198_sample,1317.5,1194.5,638,766.5,975,1102.5,1128,1155.5,1097.5,1157.5,3,0.211181641,-0.264395393,0.091097308,0.059107358,0.138282026
199_sample,3027,2865,1340,1640,1736,1922,1966,2033,2186,2202,3,0.74987793,-0.297193058,0.161327451,0.114737379,0.149233924
200_sample,5457,3474,2098,2894,3694,4253,4316,4382,4220,4286,3,0.514160156,-0.306909352,0.127828873,0.066464493,0.183140474
201_sample,1865.333333,1499.5,545.8,760,968.75,1114.8,1253.272727,1304.666667,1402,1405.666667,3,0.345825195,-0.421025901,0.141807794,0.182748076,0.185341898
202_sample,1177,1054,808,943,1076,1147,1202,1218,1220,1162,3,0.010314941,-0.110377358,-0.017939091,0.06271777,0.052557814
203_sample,1594,1608,1002,1152,1322,1443,1414,1445,1416,1429,3,0.032714844,-0.160961398,0.059136213,0.034331629,0.09336333
204_sample,3799.5,3313.857143,1576.8,2197.6,2973.333333,3223.25,3223,3226.555556,3170,3100.363636,3,0.926879883,-0.267112438,0.090322118,0.032013022,0.175876547
205_sample,1617,1597,1052,1184,1366,1356,1363,1412,1510,1468,3,0.313842773,-0.154587647,0.0342181,0.050069541,0.075924256
206_sample,2824.333333,2537,1078,1447,1812,1947.5,2043.666667,2151.75,2132,2187,3,0.080688477,-0.32245981,0.139686596,0.081135903,0.181783423
207_sample,1814,1813.5,1074,1246,1451,1662.5,1657,1703,1593,1669,3,0.20324707,-0.185620915,0.064866451,0.046649146,0.100809171
208_sample,4325,4082,1602,2068,2360,2615,2703,2782,2944,2919,3,0.271484375,-0.35304239,0.189984867,0.110105581,0.190454991
209_sample,3455.25,3030.166667,1255.5,1790.833333,2222,2433.85,2509.444444,2610.7,2764,2701,3,0.569580078,-0.317268438,0.111146842,0.108704372,0.170959342
210_sample,1716.5,1652,953,1097,1309,1373,1411.5,1491.5,1562,1552.5,3,0.436889648,-0.220188377,0.04712521,0.088122605,0.092139699
211_sample,2603,1917,778,930,982,1533,1823,1944,2062,2150,1,-10.81300354,-0.473535239,0.115969989,0.354796321,0.115953307
212_sample,2161,1947,392,742,1078,1334,1499,1511,1294,1271,1,-85.9173584,-0.488804685,0.250940666,0.091062395,0.315329949
213_sample,1246.5,1188.5,814,1000,1247,1059.5,1006,1013.5,1463,1144,1,-137.8790894,-0.109726241,-0.079904041,0.079704797,0.045383084
214_sample,1813,1910,971,1048,1260,1404,1391,1471,1588,1509,1,-114.7982788,-0.267389025,0.066157013,0.115168539,0.091264205
215_sample,1500,1422.5,1485,1696,1774,1520.5,1470.5,1425,1825,1465,1,-80.92529297,0.061326658,-0.097744361,0.014170603,-0.005467801
216_sample,1812,1750,1064,1208,1462,1356,1363,1440,1714,1544,1,-56.9185791,-0.2,0.027793534,0.079345088,0.081956378
217_sample,2607,2255.5,1640,2087,2363,2451,2403,2407.5,2298,2392.5,1,-64.96029663,-0.110779719,0.062996942,-0.013945505,0.115850921
218_sample,1691.5,1557.5,990.5,1143,1290,1380,1381,1408,1553,1503.5,1,-87.62359619,-0.193508555,0.042687625,0.092507914,0.079276018
219_sample,1403.5,1435.5,1025,1120,1245,1369,1263.5,1349.5,1242,1318,1,-54.35107422,-0.112343967,0.061047061,-0.001206273,0.077611637
220_sample,1954,1671,1675,1992,1942,2025,1961,1913.5,1751,1881,1,-49.52819824,0.009630005,0.054790823,-0.051719469,0.064190112
221_sample,3410,2650,2188,2610,2822,2913,3059,3066,3160,3139,1,-21.9465332,-0.132890365,0.03805175,0.056502842,0.076338515
222_sample,2771,2380,1727,2062,2173,2337,2349.5,2324,2268,2306,1,-0.634643555,-0.146699772,0.099821393,0.021391578,0.106164
223_sample,5039,4283,2236,2670,3352,3513,3492,3603,3750,3637,1,-63.65814209,-0.307303152,0.146660598,0.056040552,0.167281074
224_sample,2287,2108,1005,1272,1528,1685,1683,1659,1711,1771,1,-38.34796143,-0.28519247,0.144072036,0.056498919,0.168274384
225_sample,3724.5,3413.5,1086,1437,1980,2203,2286.5,2378,2460,2436.5,1,-4.510437012,-0.443185121,0.20446277,0.108108108,0.233338738
226_sample,1991,1716,1814,2145,2145,2081.5,1997.5,1947,1910.5,1847,1,-40.77258301,0.037234043,0.02063309,-0.05782271,0.052350359
227_sample,2511,2343,915,1130,1324,1551,1624,1675,1636,1769,1,-73.8286438,-0.379291403,0.210995901,0.105405405,0.201064829
228_sample,1835,1621,797,908,1064,1209,1232,1320,1282,1397,1,-57.75604248,-0.337951148,0.17741418,0.092924126,0.164724789
229_sample,1425,1351,808.5,902.5,930.5,904.5,913,900.5,980,849.5,1,-97.53677368,-0.224489796,0.185031185,0.025909448,0.136824324
230_sample,1049.5,1078.5,960.5,1008.5,1006.5,1042,1049,994.5,977.5,932.5,1,-24.66467285,-0.019922255,0.035520474,-0.014616935,0.029544316
231_sample,1767,1644,1088,1258,1500,1573,1639,1625,1678,1762,1,-105.4628906,-0.168264463,0.025834543,0.056010069,0.083043262
232_sample,2404,1627.5,239,546,904,1097,1250,1336,1189,1142,1,-2.084228516,-0.629830508,0.338157529,0.13616818,0.396959459
233_sample,2502.5,2298.5,1576.4,1900,2128,2356.75,2351.666667,2390,2114,2360,1,-42.23219299,-0.13685406,0.084154663,-0.00330033,0.112980567
234_sample,3039,2745,477,927,1522,1854,2029,1997,1754,1683,1,-86.10620117,-0.532526475,0.268099311,0.070818071,0.343050648
235_sample,1720.5,1702,943,968,1069.5,1219,1190.5,1188.5,1191,1254.5,1,-48.45610046,-0.279895853,0.181865018,0.053749171,0.13322502
236_sample,1400,1272,833,952,958,1243,1256,1338,1096,1366,1,-49.55792236,-0.19047619,0.121794872,0.067185979,0.100069979
237_sample,3511.666667,2674.5,1398.666667,1886,2718,2802.75,2923,2883.5,2990,2731,1,-0.442016602,-0.301179522,0.080235837,0.047652418,0.173379375
238_sample,1742,1570,505.6666667,569.6,714.3333333,804.5,826.3333333,874.3333333,872.3333333,936.5,1,-14.34521484,-0.507181173,0.332653321,0.099579832,0.281230983
239_sample,1570,1486,695,835,973,1096,1061,1118,1102,1155,1,-118.5600739,-0.305613306,0.175149701,0.062168675,0.171889401
240_sample,2088,1583,1860,2124,2256,2343,2247,2172,2140,2151,1,-85.66345215,0.008547009,-0.012298959,-0.026387625,0.041227229
241_sample,3447,2557.5,2410,2757,2989,3101,3131.5,3178.5,3092.5,3148.5,1,-10.74926758,-0.111218569,0.054209037,0.017018828,0.078192403
242_sample,950,940,412.5,471.5,598,651.5,647,691,748,746,1,-127.6160278,-0.33661625,0.118963486,0.111441308,0.143068119
243_sample,1906,1708,858,995,1412,1468,1412,1423,1556,1519,1,-24.34322357,-0.314029645,0.101097631,0.04851752,0.157711096
244_sample,2200.5,2158,1284,1652,1878.666667,1844.5,1848.5,1923,2041,1883.583333,1,-65.28900146,-0.142375081,0.037604621,0.041415086,0.101857062
245_sample,1835,1846,1270,1416.5,1544,1668,1654,1648.5,1552,1627.5,1,-43.73205566,-0.128709826,0.083554768,0.002583979,0.089824222
246_sample,2390,2451.5,1638,1872,2058,2146,2101,2142,2070,2124,1,-0.571105957,-0.121539183,0.071748879,0.002906977,0.09073075
247_sample,2008.5,1459,1701,2038,2151,2207.5,2097.5,2054.5,1963,1963.5,1,-93.39562988,0.007290251,0.011456628,-0.045697618,0.063334825
248_sample,1009,946,308,419,466,629,595,659,605,719,1,-117.7485352,-0.413165266,0.250309789,0.129785247,0.235343383
249_sample,3478,3137,1338,1622,2004,2348,2394,2499,2196,2515,1,-117.4810791,-0.363921569,0.225942897,0.045714286,0.216060337
250_sample,2160.5,1991,1558,1826,2065,2200,2160.666667,2157.333333,2026,2061.333333,1,-71.98173523,-0.08390819,0.032127075,-0.009533121,0.082143543
251_sample,2231.5,2242.5,1246,1477,1593,1681.25,1638.8,1643.75,1652,1636.666667,1,-128.5855103,-0.20345153,0.149221063,0.018181818,0.137820751
252_sample,1920,1411.5,1728,2003,2116,2091,1965,1942,1917,1833,1,-79.73095703,0.021157278,0.000781861,-0.049342921,0.05090483
253_sample,932,870,576,586.5,675,700.5,698,748,775,814,1,-47.01080322,-0.227527165,0.091974224,0.068965517,0.086544963
254_sample,3683,3041,2788,2976,3251,3543,3633,3663.5,3534.5,3618.5,1,-16.37792969,-0.106172098,0.020574991,0.041780267,0.046128314
255_sample,1884,1524,1782,2156,2101,2272,2143.5,2087.5,1923,2010,1,-48.01593018,0.067326733,-0.010244287,-0.044234592,0.036410923
256_sample,2160,1496,1510,1998,2248,2419,2260,2195,2056,2095,1,-84.53173828,-0.038961039,0.024667932,-0.044609665,0.105593178
257_sample,3038,2818,396,842,1322,1631,1769,1771,1496,1466,1,-18.58630371,-0.565979381,0.340097045,0.061745919,0.394753679
258_sample,1966.5,1703.5,1429,1741,1882,1941.5,1864.5,1907,1913.5,1841,1,-1.554382324,-0.060822657,0.013659794,0.008299302,0.070365735
259_sample,4511,3712.5,1517,2376,3537,3948,3964,4046,3882,3802.5,1,-5.371131897,-0.310004356,0.074943405,0.046502224,0.196995612
260_sample,541,534.5,291.5,464,378,358.5,304,352,330.5,365,1,-122.9790649,-0.076616915,0.241537579,-0.067043049,0.192731992
261_sample,1460.5,1392.5,811,928,1016.5,1082,1120.5,1166.5,1229,1262,1,-28.86505127,-0.22294327,0.086075479,0.094633712,0.096745628
262_sample,2898.75,2734.666667,1956,2459,2667,2802.5,2743.5,2776,2738.666667,2638.5,1,-88.37791443,-0.082077365,0.028396576,0.013257693,0.084897462
263_sample,5025,4202,2084,2452,2984,3431,3497,3622,3194,3540,1,-9.304534912,-0.344121974,0.222776493,0.033991583,0.205539249
264_sample,2147.5,1369,1227,2319,2398,2586.5,2995.5,3202,3131.5,2947,1,-0.595794678,0.038396955,-0.186398939,0.132652139,0.021001797
265_sample,1622.5,1540,499.5,563.5,661.5,1024.5,1026,1072,775.5,1031,1,-73.61636353,-0.484446478,0.353211009,0.079331942,0.283506603
266_sample,3115,2659,316,680,1274,1681,1839,1816,1440,1517,1,-0.294555664,-0.641633729,0.367727772,0.061164333,0.428478438
267_sample,1690,1599,883,1026,1212,1261,1243,1317,1456,1392,1,-56.93994141,-0.244477172,0.074380165,0.091454273,0.107422248
268_sample,1602.5,1403,1796,1954,1768,1897,1815.5,1903,1701.5,1877,1,-38.68383789,0.098833122,-0.02996368,-0.019167027,-0.018491555
269_sample,728,691,498,578,644,676,680,691,679,676,1,-0.083251953,-0.114854518,0.034825871,0.026455026,0.076500588
270_sample,815,758,414,508,586,609,609,617,583,655,1,-138.234436,-0.232048375,0.165951359,-0.002566296,0.168473728
271_sample,2446,2043,2056,2226,2142,2306,2172,2117,1958,2026,1,-26.02502441,-0.047089041,0.110808356,-0.044878049,0.066728668
272_sample,1963.5,1855.5,767,895,1114,1211.5,1264,1331,1390.5,1416.5,1,-142.7497559,-0.373797446,0.170840787,0.110401278,0.17574021
273_sample,3319.5,2734,1103,1498,1889,2398.5,2554.5,2647,2568,2674,1,-14.01156616,-0.378100675,0.127643312,0.152344626,0.173151641
274_sample,3181,2913,2026,2541,2886,2832,2785,2814,2824,2850,1,-0.255371094,-0.111849004,0.059450458,-0.010858144,0.111477512
275_sample,3846,3594,993,1426,2986,3448,3634,3693,3620,3551,1,-8.732666016,-0.459028832,0.03027056,0.095973358,0.193883792
276_sample,2461,2550.5,1070.4,1228.4,1389.666667,1536.208333,1536.333333,1591.25,1613,1693.1,1,-0.174194336,-0.334092264,0.208149239,0.07437833,0.178643214
277_sample,1844,1729,1060,1230,1438,1544,1565,1610,1624,1691,1,-52.75561523,-0.199739753,0.06343714,0.060744611,0.100234663
278_sample,2709,2830,1205.2,1322.75,1487,1606.333333,1613.5,1655.714286,1699,1747.833333,1,-6.498535156,-0.343833323,0.229128857,0.066541117,0.181938537
279_sample,1923.5,1754,1032,1162,1282,1582.333333,1550.25,1593.5,1405.7,1654,1,-2.90814209,-0.246799546,0.155532861,0.046024482,0.136057556
280_sample,1763,1667,1090,1200,1376,1459,1580,1647,1628,1724,1,-50.15093994,-0.190010125,0.039811265,0.083888149,0.071879802
281_sample,1713,682,339,494,274,819,2667,3263,3619,3754,7,-1.132537842,-0.552333484,-0.357464366,0.859234524,-0.331539108
282_sample,1730,719,228,514,222,884,2944,3709,3929,3893,7,-2.192153931,-0.541889483,-0.388584556,0.893037822,-0.360942871
283_sample,1544,628,195,415,187,700,2602,3169,3232,3533,7,0.534729004,-0.576314446,-0.353433836,0.89061129,-0.328809616
284_sample,1527,613,226,458,182,747,2402,3100,3404,3468,7,-1.722167969,-0.538539043,-0.380653012,0.898494144,-0.359805207
285_sample,1257.666667,596.75,173.9230769,364.4,306.5,689,1583,1807.166667,1970.5,2000.333333,7,8.662628174,-0.550696642,-0.220816769,0.730786122,-0.15646282
286_sample,786.5,360.5,1028.5,1075,663.5,1383.5,1966,2050,2045.5,1996,7,2.654296875,0.154982541,-0.444562147,0.510151347,-0.358974359
287_sample,2174,1199,377,604,673,1099,1932,2204,2358,2533,7,0.130004883,-0.565154788,-0.040600177,0.555922138,0.020064493
288_sample,728.5,511.5,2552,2453.5,2571,2585,3200,3173,3502,3193,7,-0.069122314,0.542111879,-0.655596265,0.153301498,-0.294488694
289_sample,757.5,545,2359,2039.5,2176,2544.5,2992.5,2999,3172,2992,7,0.276947021,0.45834823,-0.614454765,0.186237846,-0.306869868
290_sample,3187.5,2163,596.5,758.5,935,1340,1856.5,2149.5,2310,2513,7,0.767822266,-0.615560061,0.159618008,0.423728814,0.172997581
291_sample,733.5,524,2172,2033.5,2118,2683.5,3504.5,3453.5,3378,3359,7,0.376617432,0.469822913,-0.643195914,0.229257642,-0.321192644
292_sample,3249,2358,638,1021,1324,1668,2073,2201,2552,2411,7,1.074432373,-0.521779859,0.120151698,0.316821465,0.178152776
293_sample,1644,662,191,379,149,687,2433,3240,2893,3471,7,-0.966262817,-0.625308947,-0.275292043,0.902038133,-0.264711913
294_sample,731,533,2069.5,2005,1919.5,2490.5,3088.5,3052.5,3220.5,3160.5,7,-0.129089355,0.465643275,-0.630013919,0.25311284,-0.332409798
295_sample,1390,539,182,398,156,641,2544,3274,3323,3534,7,-1.932312012,-0.554809843,-0.41014216,0.910319057,-0.387843991
296_sample,1538,617,246,533,223,829,2633,3345,3520,3708,7,-2.573043823,-0.485272815,-0.391854488,0.880844243,-0.36276461
297_sample,1566,688,198,369,213,725,2507,3120,2546,3416,7,-1.608535767,-0.618604651,-0.238326848,0.845596231,-0.213353969
298_sample,1887,1480,503,719,643,1165.5,1691.5,1861,1922,1928,7,-0.283676147,-0.44819647,-0.009188763,0.498635478,0.021190716
299_sample,3015,2250,383,678,763,1329,1650,1798,1688,2003,7,0.283050537,-0.632818846,0.282160323,0.377396981,0.29184476
300_sample,2369.5,1666,371,662,755,1070.5,1304.5,1398.5,1665,1649,7,-1.50012207,-0.563252515,0.174618912,0.376033058,0.210929173
301_sample,1964,941,291,392,322,760,1498,1724,1629,2094,7,-1.40776062,-0.667232598,0.093236849,0.669912865,0.087018545
302_sample,1411,704,257.5,435.5,224.5,732.5,2054,2650,2603,2901.5,7,1.096969604,-0.528296778,-0.296960638,0.841202476,-0.272464413
303_sample,1454,560,222,447,181,790,2477,3215,3426,3569,7,-1.584793091,-0.529721199,-0.404098361,0.89963959,-0.381033504
304_sample,1464,562,263,536,205,810,2575,3415,3527,3705,7,-1.294967651,-0.464,-0.413344019,0.890139335,-0.388532698
305_sample,1517,965,605,720,609,903,1387,1556,1650,1655,7,1.511535645,-0.356280733,-0.041995579,0.460823373,-0.029445332
306_sample,1411,568,219,465,184,752,2380,3009,3274,3265,7,-0.012771606,-0.504264392,-0.397652081,0.893580104,-0.373034591
307_sample,1587.5,691,266.5,461.5,262,727,2598,3430.5,3565,3799,7,4.092735767,-0.549536359,-0.383794275,0.863078129,-0.348882239
308_sample,2896,2184,538,816,1186,1401,1624,1767,1744,1905,7,-3.23638916,-0.560344828,0.248275862,0.190443686,0.28284098
309_sample,2902.5,1837,436,612,772.5,1148.5,1856,2092.5,2425,2464,7,1.898468018,-0.651728553,0.089629282,0.516810008,0.124541004
310_sample,1725,712,232,467,184,783,3271,4223,4050,4553,7,1.087753296,-0.573905109,-0.402597403,0.913084554,-0.383298336
311_sample,1644,1008,417,605,492,1114,2423,2668,2640,2564,7,2.328430176,-0.461983104,-0.232492997,0.685823755,-0.177354131
312_sample,1734,685,266,569,271,1008,2968,3616,3686,4020,7,-1.490921021,-0.505861919,-0.360147601,0.863027546,-0.32684237
313_sample,1138,655,253,402,319,681,1232,1381,1473,1497,7,-4.07800293,-0.477922078,-0.128303332,0.643973214,-0.084511467
314_sample,3381.5,2299.5,690.5,870.5,1163,1477,1965.5,2208.5,2374,2584.5,7,0.677520752,-0.590545626,0.175049952,0.342380548,0.194506505
315_sample,2169.333333,1336,527.3333333,784.75,810.75,1324.333333,2106.5,2322,2275.5,2574.142857,7,-0.588134766,-0.468701515,-0.02388541,0.474605103,0.030650623
316_sample,1533,619,205,378,181,713,2601,3373,3222,3678,7,1.38671875,-0.604395604,-0.355205047,0.893623274,-0.333203657
317_sample,3601.5,2436,610.5,780.5,1040.5,1454.5,1930,2174,2317.5,2587.5,7,2.925140381,-0.643769968,0.216928535,0.380285884,0.226420079
318_sample,1697,665,223,504,201,820,3149,4176,4444,4517,7,0.754806519,-0.542026352,-0.447321283,0.913455328,-0.421782178
319_sample,1652,659,266,463,222,684,2562,3413,3398,3653,7,-1.922546387,-0.562174941,-0.345742574,0.877348066,-0.32322138
320_sample,2229,1163,524,877,733,1321,3320,4045,3962,4269,7,-5.552658081,-0.435286542,-0.279922468,0.687752929,-0.20461869
321_sample,3043,1986.5,512,696,826.5,1235.5,1902.5,2173.5,2422,2560.5,7,0.886901855,-0.627707943,0.113632205,0.491149761,0.137502756
322_sample,3165.5,2029,499.5,685,827.5,1284.5,1988,2262.5,2502,2676.5,7,1.339538574,-0.644202052,0.117071019,0.502928368,0.141754235
323_sample,1470,585,209,360,159,633,2434,3120,2897,3415,7,-2.441802979,-0.606557377,-0.326768949,0.895942408,-0.311932418
324_sample,3167.5,1970.5,516.5,706,888.5,1345,1995.5,2275,2459,2696,7,0.439117432,-0.635471796,0.125921976,0.469156087,0.153665647
325_sample,2212,1177,386,540,470,1035,2023,2294,2288,2644,7,2.345092773,-0.60755814,-0.016888889,0.659173314,0.001493652
326_sample,1485,631,193,360,179,690,2223,3021,2883,3314,7,0.844329834,-0.609756098,-0.320054945,0.883082952,-0.297890295
327_sample,2069,904,686,786,579,1233,3152,3887,3823,4174,7,-0.052810669,-0.44938704,-0.297691785,0.736937756,-0.26002515
328_sample,1711,686,230,477,212,757,2646,3432,3687,3760,7,4.291351318,-0.563985375,-0.366061504,0.891254168,-0.341438356
329_sample,719.5,524.5,2230,2036.5,2147,2258.5,2952.5,3020.5,3446.5,3110.5,7,-0.433654785,0.477866473,-0.654584734,0.232323232,-0.328924265
330_sample,1434,576,211,453,194,766,2425,3070,2840,3350,7,-3.164154053,-0.519872814,-0.32896584,0.872116018,-0.304124813
331_sample,1682,661,232,421,181,692,2691,3416,3476,3868,7,0.214920044,-0.599619591,-0.347809228,0.901011758,-0.331179321
332_sample,2334.5,1668.5,652.5,889,945,1395,1999,2166.5,2287.5,2383,7,13.59510803,-0.448425624,0.010168758,0.415313225,0.054586382
333_sample,1861,1223,755.5,810.5,943,1306,1509.5,1645,1790,1858,7,-11.26696777,-0.39322478,0.019446727,0.309915843,0.048322273
334_sample,746,521.5,2343,2373.5,2497,2679,3190,3210,3287,3151.5,7,0.418945313,0.521718224,-0.63005207,0.136583679,-0.26901837
335_sample,3283,2417,625,966,1194,1561,1869,2041,2196,2223,7,0.83493042,-0.545304778,0.198393867,0.295575221,0.226911483
336_sample,3263,2420,500,853,1004,1609,1918,2077,2074,2262,7,0.607727051,-0.585519922,0.222784336,0.34762833,0.247478439
337_sample,1463,847,243,491,393,865,1959,2239,2328,2455,7,-0.482116699,-0.497441146,-0.228171986,0.711135612,-0.161508922
338_sample,2269,1116,323,563,596,1135,2258,2744,2686,3114,7,2.710723877,-0.60240113,-0.084157417,0.636806825,-0.024514811
339_sample,2382,1659,347,528,672.5,856,985.5,1105,1261,1294,7,-0.330688477,-0.637113402,0.307713423,0.304370313,0.310241287
340_sample,3021.5,2112,603,728,965,1202,1677.5,1908.5,1931,2248,7,-0.443237305,-0.611681558,0.220191822,0.333563536,0.222758991
341_sample,2005,1066,308,613,451,997,1479,1824,2386,1995,7,-2.903274536,-0.531703591,-0.08676839,0.682058513,-0.046213592
342_sample,1512,1151,677,744,803,907,1294,1359,1210,1419,7,2.233886719,-0.340425532,0.110947832,0.202185792,0.101856259
343_sample,3228,2126,555,799,1180,1437,1763,1927,2002,2155,7,0.256225586,-0.603178545,0.234416826,0.258328096,0.265757358
344_sample,1252,750,286,474,360,737,1454,1639,1774,1744,7,-1.931884766,-0.450753187,-0.172504957,0.662605436,-0.122004357
345_sample,2016,1544,251,414.5,489.5,713.5,913.5,1003,1060,1137.5,7,-0.656616211,-0.658917918,0.310793238,0.368183285,0.3129831
346_sample,811,554,2266.5,2421.5,2418.5,2733,3132,3063.5,3158.5,3058.5,7,-0.077148438,0.498221191,-0.591384305,0.132687825,-0.253683055
347_sample,1851,1368,459,656,812,1026,1336,1485,1672,1628,7,-0.565490723,-0.476665337,0.05080897,0.346215781,0.110972048
348_sample,3293,2420,698,1160,1512,1660,2062,2162,2568,2431,7,0.13092041,-0.479002919,0.123699027,0.258823529,0.190682691
349_sample,1968,915,309,488,569,874,1805,2236,2719,2874,7,0.510375977,-0.602605863,-0.160230425,0.653892944,-0.088230009
350_sample,2830,1965,417,698,820,1263,1648,1814,1732,2032,7,0.390106201,-0.60430839,0.240683911,0.357366771,0.258837731
351_sample,2909,2451.5,1220,1574,1806,2057.5,2143.5,2221,2137.5,2209.5,2,27.21568298,-0.297791657,0.152878232,0.084062381,0.168163518
352_sample,2171.5,1826.5,906.5,1108,1374.5,1590,1743.5,1844,1754.5,1931.5,2,51.17132568,-0.324287239,0.106214977,0.121444551,0.142580957
353_sample,3082,2295.4,1431.5,1899.6,2222.5,2447.166667,2534.8,2615.5,2644,2583.833333,2,21.328125,-0.237353461,0.076493189,0.086612555,0.131023454
354_sample,2014,1900.5,1481,1797,1975,1907.5,1837.5,1808,1908,1725.5,2,116.2392578,-0.056940436,0.027027027,-0.0172547,0.081322852
355_sample,4037,3591,1306,2066,2778,3062,3178,3306,3361,3254,2,43.82284546,-0.322955923,0.091376048,0.094966607,0.187075422
356_sample,1247,1012,703,772,828,958,1132,1199,947,1145,2,1.598602295,-0.235264983,0.136736554,0.067042254,0.11409396
357_sample,3316,3098.5,1576,2099,2609,2872.5,2915,3020,3085,3110.5,2,6.24017334,-0.224746076,0.036088111,0.083596769,0.119402985
358_sample,3100.5,2851.5,1821,2263,2647,2898.5,2928.5,2950,2998,3032.5,2,1.226196289,-0.156148038,0.016807412,0.062178919,0.087872048
359_sample,1717,1664,1206,1548,1650,1746,1674,1727,1762,1694,2,40.18829346,-0.051761103,-0.012934751,0.032825322,0.062983425
360_sample,1753,1573,909,994.5,1102,1231,1230,1265,1255.5,1330,2,27.97201538,-0.276069154,0.1653648,0.065111347,0.137563502
361_sample,4919.75,4522,2609,3456.333333,3790.75,3461.5,3604.5,3719,4149.333333,3715.5,2,15.02929688,-0.174713719,0.084949784,0.045161155,0.126199994
362_sample,2853,2746.5,1471,1934,2502,2748,2817,2887,2904,2972.5,2,14.89758301,-0.191978274,-0.008858781,0.07436182,0.100719424
363_sample,3194,3129,1576,2015,2380,2446,2474.5,2519,2519.5,2543,2,108.5941162,-0.226339029,0.118053732,0.028472293,0.152903459
364_sample,1659,1340,953,1044,923.5,1420.5,1444.5,1608,1311.5,1646.5,2,45.90942383,-0.227524972,0.116983673,0.17360179,0.065607592
365_sample,3466.5,3211,1593,2135,2715,3001,3060,3143.5,3230,3249.5,2,13.13415527,-0.237704186,0.035316957,0.086627418,0.123449498
366_sample,2244.5,2207,1599,1884,1852.5,2141,2043.5,2095,1738.5,1983,2,66.65258789,-0.08731985,0.12703992,-0.031746032,0.102158854
367_sample,3204,3100,1428,1752,2138,2409.5,2378.5,2447.5,2377,2425,2,108.5941162,-0.292978208,0.14818133,0.052934662,0.168033235
368_sample,3655,3296,1708,2008,2180,2423,2462,2628,2754,2969,2,2.768920898,-0.290835246,0.140583554,0.11633563,0.133339808
369_sample,2394,1658,999,1362,1606,1871,2107,2414,2476,2570,2,68.6416626,-0.274760383,-0.016837782,0.213130818,0.070234114
370_sample,2520,2146,1238,1528,1880,1948,2069,2158,2336,2317,2,35.39178467,-0.245059289,0.037891269,0.108159393,0.103586657
371_sample,2618,2359,1114,1488,1846,2003,2079,2190,2316,2317,2,38.76171875,-0.275207014,0.061207945,0.112926478,0.130985559
372_sample,2453.5,2206,1441,1716.5,1878,2136,2084,2137,1947,2148,2,55.92724609,-0.176738609,0.115100557,0.018039216,0.122222942
373_sample,2643.5,2232,456,774.75,1127.111111,1497.666667,1624,1687.25,1400,1578.5,2,7.423400879,-0.546697872,0.307530605,0.107984523,0.340277846
374_sample,2237,2239,1779,1968,1995,2062,1943.5,1961,1865,1928,2,151.7076416,-0.063971463,0.09068747,-0.033678756,0.074657186
375_sample,1921,1467,905.5,1155,1498,1607.5,1802,1921,2088.5,1978,2,67.34771729,-0.249024707,-0.041775783,0.164645197,0.066271636
376_sample,3550.5,2942,1228,1763,2144,2235.5,2297.8,2392,2542,2394,2,4.280883789,-0.336407265,0.165531391,0.084933845,0.203338792
377_sample,2160,2051,1562,1815.5,1915,1931.5,1895,1896.5,1908.5,1870,2,59.00305176,-0.086655767,0.061816394,-0.001700013,0.080113975
378_sample,2020,1761,519,640,722,851.5,995.5,1054,1204,1178.5,2,3.179595947,-0.518796992,0.253101737,0.250259605,0.228219485
379_sample,3722,3182,1280,1986,2602,2947,3068,3139,3166,3122,2,45.63919067,-0.304134548,0.080720093,0.09778086,0.174373259
380_sample,3997.5,3349,1629,2584,3336,3582,3617,3675.5,3660,3519.5,2,20.1104126,-0.21476867,0.044074437,0.046312178,0.161972668
381_sample,2096,2024.5,1167,1411,1478,1924,1848.5,1873,1485.5,1810.5,2,68.33410645,-0.195323638,0.170459305,0.002530791,0.147996467
382_sample,2542.5,2302.5,1730,2109,2347,2474.5,2486,2513.5,2336,2418.5,2,55.65527344,-0.093195743,0.042328585,-0.002348922,0.091954665
383_sample,1813,1386,1086,1426,1708,1751,1970,2061,2228,2178,2,21.64251709,-0.119481321,-0.102697352,0.132113821,0.030285296
384_sample,3230,2614.5,1695,1879,1789,2141,2233.5,2408,2432,2646.5,2,6.174636841,-0.26443531,0.140939597,0.15233357,0.097528974
385_sample,3560,3060,1424,2196,2900,3246,3277,3350,3262,3287,2,19.76577759,-0.236970118,0.043682205,0.05874716,0.159160237
386_sample,3032,2357,1094,1772,2248,2450,2541,2547,2380,2342,2,16.42340088,-0.262281432,0.120473023,0.02852204,0.206305689
387_sample,1812,1732,1192,1436,1618,1634,1640,1655,1732,1654,2,63.49719238,-0.115763547,0.022573363,0.034029851,0.079634876
388_sample,2612,2058,1246,1582,1958,2072,2219,2318,2482,2381,2,53.97467041,-0.245588937,0.02552022,0.118018018,0.101470234
389_sample,922,847,654,661,683,733,747,771,756,787,2,5.410858154,-0.164876816,0.098927294,0.050729673,0.064676617
390_sample,1443,1148,1124,1232,1346,1177,1183,1191,1388,1162,2,40.23779297,-0.078878505,0.019427764,0.015362107,0.052254292
391_sample,1872,1371,610,756,882,1098,1536,1621,1802,1763,2,2.04309082,-0.424657534,0.019052803,0.342771982,0.066202091
392_sample,2315,1889,1246,1532,1766,1779,1953,2093,2394,2205,2,38.21020508,-0.203535222,-0.016776386,0.150961538,0.057116954
393_sample,1785.2,1665.25,1544.5,1669.5,1664.25,1780.666667,1709.625,1709.272727,1546,1616,2,10.07318115,-0.033490607,0.071805956,-0.036835137,0.054885741
394_sample,1970,1854,1416,1662,1816,1849,1864,1863,1952,1829,2,100.079834,-0.084801762,0.004589495,0.036093418,0.058428851
395_sample,1587,1506,919.5,1125,1184,1364.5,1327,1292,1127.5,1257.5,2,81.34191895,-0.170353982,0.16927611,-0.024443002,0.150269821
396_sample,2661,2113,1156,1482,1830,1955,2221,2399,2442,2608,2,48.39703369,-0.284576394,0.042915932,0.143258427,0.110396835
397_sample,2350,1943,1244,1608,1805,2132,2230.5,2293,2270,2254,2,11.58398438,-0.187468418,0.017316017,0.114110429,0.083583257
398_sample,5458.5,5041,1885,2759.6,3736,3944.333333,4030.25,4126.5,4370,4201.5,2,6.638427734,-0.328409243,0.110749351,0.078213669,0.190265057
399_sample,2660,2322,1066,1638,2150,2660,2680,2744,2490,2670,2,10.88037109,-0.237785016,0.033009709,0.073275862,0.149892422
400_sample,2307,1878,987,1460,1848,1920,1981,2123,2204,2184,2,7.234710693,-0.224847359,0.022833075,0.087857848,0.131227879
401_sample,5389,4827,2285.833333,3165.333333,3667.6,3830.5,3800.5,3867.5,4037.333333,3794,2,15.34832764,-0.259946226,0.143392624,0.047986571,0.177729181
402_sample,2687,2502,1188,1550,1850,2002,2023,2085,1982,2068,2,3.222961426,-0.268350248,0.150995931,0.034446764,0.177371221
403_sample,2536,2157,1028,1338,1596,1834,2007,2072,2025,2138,2,3.110534668,-0.309241094,0.112036834,0.118475559,0.150173974
404_sample,2401,2242,1084,1236,1364,1481,1534,1587,1650,1663,2,20.75344849,-0.320318944,0.185386324,0.094890511,0.158639791
405_sample,1421.5,1238.5,1113.5,1239.4,1512.909091,1432.333333,1575.636364,1574.333333,1695.4,1569.3,2,2.183578491,-0.068435492,-0.087875774,0.056880713,0.021853097
406_sample,2530,2020,1202,1510,1866,1981,2267,2367,2564,2501,2,79.60705566,-0.252475248,-0.006674519,0.157562077,0.077186964
407_sample,2658.5,1928,952,1273,1669,1759,1873,1926.5,2151,1903.5,2,16.88262939,-0.352410022,0.105520324,0.12617801,0.164793755
408_sample,1602,1385,1005,1284,1426,1457,1497,1506,1584,1510,2,2.034301758,-0.11018711,0.005649718,0.052491694,0.078155599
409_sample,2502,2254.5,1189,1353,1554,1910.5,1905,1896,1760,1935,2,49.14666748,-0.298054475,0.174096668,0.062160531,0.158029979
410_sample,1650,1339,940,1096,1256,1338,1339,1353,1300,1322,2,35.18444824,-0.201747997,0.118644068,0.017214397,0.129420909
411_sample,2210,1944,1003,1227,1406,1650,1667.5,1780,1637.5,1895.5,2,63.61096191,-0.286005237,0.148797921,0.076063742,0.155917845
412_sample,2389,2108,1481,1779,1966,2087.5,2106,2123.5,2021,2064.5,2,54.76147461,-0.146353167,0.083446712,0.013794833,0.10856561
413_sample,2976,2396,991,1672,2116,2541,2647,2711,2366,2607,2,18.62905884,-0.280550775,0.114189442,0.05577867,0.205349746
414_sample,1634.5,1472.5,1223,1389.5,1433.5,1372,1360.5,1383.5,1455.5,1341,2,81.5982666,-0.081018519,0.057928803,0.007615092,0.067780388
415_sample,1383,1307.5,863.5,1008.5,1023.5,1095.5,999.5,1020,950.5,1002,2,144.730957,-0.156596278,0.185343904,-0.03698075,0.14038621
416_sample,2780.5,2499,1930,2324,2503.5,2573.5,2481,2537.5,2614,2513,2,62.50964355,-0.089430894,0.03086477,0.021592574,0.075295075
417_sample,4071,3527,1423,2281,3081,3672.5,3650.5,3798.5,3438,3674,2,14.18792725,-0.281801008,0.084298841,0.054763,0.190710064
418_sample,4983.5,4715.666667,2564.8,3272,3624,3525.5,3703,3817,3974,3764.25,2,12.90655518,-0.207316335,0.112698856,0.046064754,0.136581211
419_sample,1653.5,1647,1369,1506,1467,1545,1455.5,1415.5,1406.5,1388,2,133.1083984,-0.046684602,0.080718954,-0.021054463,0.058514247
420_sample,1453,1297.5,877,1108,1303,1377,1375.5,1419,1393.5,1409,2,15.20343018,-0.134713003,0.020902863,0.033562025,0.096588083
421_sample,71.625,87.85714286,271.4,635.3,243.8,272,47.85714286,58.15,42.5,32,4,-4.058959961,0.797361813,0.255202629,-0.703108627,0.002423231
422_sample,104.5,90.5,720.5,991.5,611,531,244,255.5,216,189.5,4,-9.964172363,0.809306569,-0.347893916,-0.477629988,-0.13377724
423_sample,74.66666667,91.25,284.75,640.4333333,275,303.6666667,59.5,64.9,55.5,39,4,0.477050781,0.791171398,0.147247119,-0.664145234,0.013648991
424_sample,2066.8,1557.5,1688.75,2136,2276.8,2391.25,2317,2320.5,2284.666667,2261,4,-2.418426514,0.016465214,-0.05006741,0.001724592,0.044509149
425_sample,105,99,678,884,524,403,268,281,220,213,4,-4.661621094,0.787664307,-0.353846154,-0.408602151,-0.17616241
426_sample,52.5,63.5,450,656,336.5,353,164,122,102,105,4,0.598083496,0.851799577,-0.32038835,-0.534777651,-0.173219979
427_sample,82,71,308,441,176,171,134,114,92,98,4,6.874176025,0.686424474,-0.057471264,-0.313432836,-0.215805471
428_sample,246,188,540,890,929,663,230,246,216,171,4,52.60235596,0.566901408,0.064935065,-0.622707424,0.216986017
429_sample,515.5,207.5,2378,2428,2356,2425.5,2206.5,2202.5,2049,2028.5,4,-3.591308594,0.649736708,-0.597972314,-0.06969353,-0.213125985
430_sample,100,89,708.5,926.5,518,446,250,269,218,225,4,-6.113098145,0.805163176,-0.371069182,-0.407608696,-0.199741016
431_sample,538.5,482,1074,1232,1419,1340,1214,1130,1377,1011,4,11.12524414,0.391697261,-0.437744714,-0.015021459,-0.111942838
432_sample,178.5,183,657.5,1059.5,613.5,553.5,306.5,347,249.5,317,4,3.014160156,0.711631664,-0.16588785,-0.421784473,-0.067686875
433_sample,259,162,670,954,506,500,431,438,399,413,4,4.556396484,0.572959604,-0.212765957,-0.118232044,-0.165757906
434_sample,1972,1807.5,1904.25,2324.4,2459,2532.6,2435.625,2324.5,2208,2154,4,1.449951172,0.082022158,-0.05645933,-0.053781873,0.037310157
435_sample,738.5,675.5,1443,1672,1617,1751,1698,1699.5,1720,1796,4,3.987792969,0.387264053,-0.399227171,0.030866047,-0.146325994
436_sample,2076,1858,1949,2470.571429,2663.2,2850.222222,2663,2610.75,2405.428571,2350.2,4,0.124786377,0.08678439,-0.073509723,-0.050856247,0.0423122
437_sample,476,410,455.6666667,737.6,1213.5,1222.5,1079.5,1056.833333,1057,962.5,4,2.030883789,0.21555702,-0.378995434,-0.068927549,0.055223026
438_sample,1413.5,673.75,2668,2728,2600,2648.5,2506,2450.75,2376,2393.666667,4,-11.88476563,0.317397078,-0.253991292,-0.045016077,-0.113773116
439_sample,130,115,1098,1416,811,775,316,363,299,259,4,-22.51690674,0.831824062,-0.393939394,-0.461261261,-0.195038494
440_sample,1129.25,466.5,2302,2373,2314,2379.5,2265.5,2239.5,2121,2172.5,4,9.238037109,0.355128846,-0.305130375,-0.043517475,-0.124551088
441_sample,874,518,1621.333333,2233,2264,2501.333333,2437.5,2459.333333,2439.333333,2342.75,4,11.60675049,0.437399421,-0.472434608,0.037278526,-0.128171884
442_sample,158,133,640,891.5,363,272,188,246.5,143.5,166,4,3.222167969,0.69890424,0.048092869,-0.433366239,-0.201226523
443_sample,2616,2113,2712,2902,3110,3174,3206,3063,3140,2838,4,0.604553223,0.051830373,-0.091035441,0.0048,-0.010882709
444_sample,1453,1057,1332,1578,1720,1771,1827,1874,1890,1889,4,-11.47012329,0.041240515,-0.130720909,0.047091413,-0.007662236
445_sample,237.5,250,299.5,284.5,309,314,324,350,339,346.5,4,11.01080322,0.090038314,-0.176062446,0.046296296,-0.077637131
446_sample,186,176,734,1042,453,331,346,372.5,208.5,180,4,3.037597656,0.697068404,-0.057034221,-0.369614512,-0.191906418
447_sample,1979,1880.25,1866.8,2331.333333,2481,2600,2528,2417.25,2252.833333,2211,4,1.363891602,0.081741551,-0.064707967,-0.048199134,0.03967147
448_sample,286,143,2150,2322,2228,2089,1388,1558,1228,1048,4,18.79119873,0.780674847,-0.622192867,-0.289351852,-0.146639511
449_sample,73,68,536.8,662,362.6666667,266.5,112,114,93,84,4,10.41375732,0.801360544,-0.120481928,-0.591806876,-0.18220498
450_sample,139.5,130.5,698.5,1007.5,398,293.5,218,367.5,142.5,1079,4,5.977539063,0.756756757,-0.010638298,-0.472710453,-0.220166848
451_sample,51,48,541.5,704,426.5,460,185,194,150,125,4,-0.070129395,0.864900662,-0.492537313,-0.479618387,-0.183062446
452_sample,184.75,172.5,1982,2740,2672,2312,1016,1053.333333,801.25,616,4,-0.03717041,0.873664416,-0.62525355,-0.538616569,0.013031915
453_sample,358,256,2063,2592,2528,2567.5,1513.5,1510,1337,1044,4,6.856033325,0.757288136,-0.577581121,-0.308150065,-0.08176901
454_sample,1550,890,1248,1706,2046,2197,2217,2259,2248,2194,4,-10.98919678,0.047911548,-0.183780937,0.047042385,0.014100395
455_sample,156,145,226,265,777,905,397,403,335,278,4,0.892562866,0.258907363,-0.364562118,-0.397482014,0.248995984
456_sample,310.5,317.5,357,349,348.5,369.5,346.5,373,342,382,4,11.48071289,0.058377559,-0.048275862,-0.009413469,-0.029455081
457_sample,51,47,500,661,422.5,383.5,172,165,144,119,4,0.85748291,0.856741573,-0.476923077,-0.491615181,-0.152572707
458_sample,75.14285714,91.42857143,34.25,214.6666667,42,34.21428571,1,1,1,1,4,0.113983154,0.481432797,0.973733583,-0.953488372,0.537379889
459_sample,127,99,2008,2216,1346,956,298,322,269,189,4,22.41491699,0.891591976,-0.358585859,-0.666873065,-0.2144
460_sample,77.8125,80.5,269.6,618,240.8,270.6666667,53.5,63.5,50.5,38.5,4,-14.3894043,0.776340609,0.21285923,-0.653278407,-0.002328904
461_sample,1103,1131,1110,1144,1176,1074,1049,1093,1140,1029,4,3.742370605,0.018246551,-0.016495765,-0.015544041,0.00640318
462_sample,195,190,285,268,308,381,374,373,332,352,4,10.59965515,0.157667387,-0.259962049,0.0375,-0.101785714
463_sample,132,131,323,337,231,213,144,150,122,112,4,2.145172119,0.437100213,0.039370079,-0.30878187,-0.101485148
464_sample,121.5,96,525.5,1052,745,498,199,186,175.5,136.5,4,24.27679443,0.792927141,-0.181818182,-0.618685497,0.105582137
465_sample,316.5,199.5,446.5,764.25,1255.166667,1245.75,1080.75,1044.5,950,937,4,2.027709961,0.414295628,-0.500197394,-0.138387121,0.059015105
466_sample,1235,689,1794,1856.5,1778,1829,1744,1761,1747,1717.5,4,40.79534912,0.201035096,-0.171696848,-0.008794326,-0.080561489
467_sample,1286,811,1838,1906,1838,1875,1816,1833,1786,1793,4,10.4017334,0.194235589,-0.162760417,-0.014348786,-0.074096028
468_sample,110,96,828,1166,881,752,332,329,255,205,4,-2.572662354,0.827586207,-0.397260274,-0.551056338,-0.044358727
469_sample,2140,1892,1866,2404,2566,2717,2549,2438,2258,2223,4,1.088897705,0.058098592,-0.026830377,-0.06384743,0.065911665
470_sample,1310.75,1076,1372,1497.8,1640,1786,1745.5,1752.2,1749.666667,1721.4,4,5.191162109,0.066600203,-0.143417291,0.032353231,-0.0281464
471_sample,500.5,212,1777,1850.5,1837,1879.5,1791.5,1770,1782,1741,4,7.642700195,0.574223735,-0.561445783,-0.015197568,-0.207156788
472_sample,268,262,647,1116,490,426,359,376,321,1171.5,4,3.956787109,0.612716763,-0.089983022,-0.20838471,-0.121668598
473_sample,249,167,1194,1422,1262,1222,769,797,666,570,4,26.44250488,0.701974865,-0.455737705,-0.309128631,-0.10353011
474_sample,1595.5,1323.5,2136,2583,2660,2553.5,2389.5,2186.5,2226,2009,4,0.092010498,0.236328826,-0.16498757,-0.088825215,-0.012358573
475_sample,79.5,88.07692308,589.1666667,784.5,397.4,320.2857143,134,143,110.375,106,4,23.25689697,0.815972222,-0.162606978,-0.565260204,-0.189250069
476_sample,51,43.5,506,666.5,388.5,347,130,142.5,146,107.5,4,0.163146973,0.857839721,-0.482233503,-0.453695042,-0.194686211
477_sample,173.5,157,615,942,386.5,282,269,391,118.5,204,4,2.586669922,0.688928732,0.188356164,-0.530693069,-0.134132199
478_sample,739,266.5,2628,2689,2623,2681,2517.5,2459,2393,2318.5,4,30.06420898,0.568844807,-0.528097063,-0.04585327,-0.197900513
479_sample,703.5,563.5,1292,1523,1470,1569,1329.5,1396.5,1117,1143.5,4,-0.018920898,0.368066472,-0.227135402,-0.136451488,-0.051391162
480_sample,526.6666667,218,2197.666667,2879.166667,3104,3241,3027.333333,3069,3112.5,3032,4,-0.356933594,0.690726694,-0.710556446,0.001367329,-0.187846025
481_sample,307,307,498,875,1230,1130,668,613,519,362,4,-9.991210938,0.480541455,-0.256658596,-0.40651801,0.203602193
482_sample,248,201,1196,1458,778,768,304,315,278,240,4,10.6809082,0.70926143,-0.057034221,-0.473484848,-0.1792
483_sample,1596,876,2558,2636,2557,2590,2445,2441,2331.333333,2347.5,4,6.127197266,0.245746692,-0.187234765,-0.046164337,-0.081431784
484_sample,79,76,529.5,656.2727273,360.5714286,302.6666667,112.5,121.5,105,86.5,4,10.00128174,0.785113749,-0.141304348,-0.548941393,-0.181485668
485_sample,943,358.25,2314,2383.5,2346,2368.25,2282.333333,2247.75,2184.5,2160,4,2.624511719,0.433037727,-0.39696243,-0.03564728,-0.155313002
486_sample,79.4375,81.12,256.875,658,240.4,270.1666667,44,60,34.5,27.5,4,1.086914063,0.784558013,0.394404827,-0.748999636,0.046567274
487_sample,150,97,1966,2222,1676,1378,647,616,606,456,4,30.39794922,0.873524452,-0.603174603,-0.468886941,-0.169622556
488_sample,104.5,90.5,734.5,1014,621,531,244,255.5,217.5,189.5,4,-9.584442139,0.813142602,-0.350931677,-0.481216458,-0.135022355
489_sample,102.5,118,696,956,572,528.5,342,353,302.5,289,4,-1.565093994,0.806329712,-0.49382716,-0.308176101,-0.193664076
490_sample,165,154.5,228,290,779.5,899.5,380,393,335.5,269.5,4,1.326782227,0.274725275,-0.340659341,-0.398206278,0.25265252
